"","V(hillary_graph)$name"
"1","h"
"2","verveermelannes"
"3","sullivanjacob"
"4","humaabedin"
"5","cherylmills"
"6","gordonphiliph"
"7","campbelikm"
"8","campbellkurtm"
"9","jilotylaurenc"
"10","jakesullivar"
"11","valmorou"
"12","lewjacob"
"13","stephenroach"
"14","neeratanden"
"15","toivnoraf"
"16","laszczychjoanne"
"17","goldbergphilips"
"18","fromanmichaelb"
"19","luriemiked"
"20","vermarichardr"
"21","kellycraiga"
"22","shannonthomasa"
"23","sbwhoeop"
"24","kennedypatrickf"
"25","jeffreylfarrow"
"26","valmorolona"
"27","rossalec"
"28","stremlaumatthewh"
"29","strobetalbott"
"30","oscarflores"
"31","habedinvalmorou"
"32","ntanden"
"33","martyedelman"
"34","billburns"
"35","smithdanielb"
"36","iewij"
"37","carsonj"
"38","burnswilliam"
"39","s_specialassistants"
"40","burnsstrider"
"41","martytorrey"
"42","valenzuelaaa"
"43","wburns"
"44","burnswji"
"45","preines"
"46","leltmanjd"
"47","feltmanjeffreyd"
"48","mitchellg"
"49","doug"
"50","steinbergjamesb"
"51","hi"
"52","steinbergjb@stateov"
"53","cherylmillcherylmills"
"54","mullstephend"
"55","curtismeghanna"
"56","radeletstevenc"
"57","annemarieslaughter"
"58","colemanclairel"
"59","mertenkennethh"
"60","russorobertv"
"61","meehanbernadettem"
"62","nidesthomasr"
"63","feldmandanielf"
"64","hanleymonicar"
"65","jacobsonrobertas"
"66","shermanwendyr"
"67","geoffreyadams"
"68","balderstonkrism"
"69","haledavidm"
"70","hannahrichert"
"71","rooneymegan"
"72","moykinw"
"73","reinesphilippei"
"74","nulandvictoriaj"
"75","hormatsrobertd"
"76","kohharoldhongju"
"77","stalbott"
"78","opsnewsticker"
"79","newsmahogany"
"80","abbaszadehnima"
"81","brimmerestherd"
"82","rodit"
"83","newsafghanistan"
"84","adlerce"
"85","hammermichaela"
"86","monicahanle\"
"87","pir"
"88","klevorickcaitlinb"
"89","newschina"
"90","schwerindanielb"
"91","davidmilibandpersonal"
"92","johnfkerry"
"93","pascualcarlos"
"94","cia"
"95","caitlinklevorick"
"96","newsaf"
"97","evergreen"
"98","slaughti"
"99","hartoglevinfay"
"100","carsonjohnnie"
"101","russorvi"
"102","dibbleelizabethl"
"103","newskorea"
"104","hs"
"105","evergreenreply"
"106","hanleymr"
"107","posnermichaelh"
"108","vajdathomasl"
"109","lynr"
"110","lynnforesterderothschild"
"111","newsi"
"112","millscheidh"
"113","carlosdeltoro"
"114","cdeltoro"
"115","ittranviell"
"116","russeldanielr"
"117","stevensjohnc"
"118","reynosojulissa"
"119","oteromaria"
"120","wardclarissa"
"121","clarissaward"
"122","bethfellman"
"123","danieljoshuaj"
"124","subjectmadeleine"
"125","ih"
"126","daileyjohn"
"127","subjectfwanotherthankyou"
"128","sullivanjacobvalmorolona"
"129","daileyjohnliebermanevelyn"
"130","millscherylid"
"131","liebermane"
"132","masonismelindaj"
"133","liebermanevelyn"
"134","adamsdavids"
"135","marshallcapriciap"
"136","stockann"
"137","karentramontano"
"138","newssgwi"
"139","newswha"
"140","crockerryanc"
"141","grossmanmarci"
"142","goosbyeric"
"143","valmorolj"
"144","syriaunrest"
"145","millscheryl"
"146","fogartydaniel"
"147","ebelingbetsy"
"148","royspence"
"149","solomontaland"
"150","lmuscatine"
"151","lissamuscatine"
"152","sullivanjambj"
"153","ricesusane"
"154","ryurexony"
"155","wellsaliceg"
"156","hanleymonicarh"
"157","aclb"
"158","newseur"
"159","sterntoddd"
"160","newseap"
"161","ii"
"162","louispierrea"
"163","ihdr@dintonemailcomi"
"164","class"
"165","terrybmurphy"
"166","newssca"
"167","slaught"
"168","cretzgenea"
"169","warnholzjeanlouis"
"170","joewilson"
"171","madeleinealbright"
"172","hoffredericc"
"173","dicarlorosemarya"
"174","mon"
"175","newsh"
"176","hanleymre"
"177","hanleymrt"
"178","hcrahedinhuma"
"179","valmorolji"
"180","newshaiti"
"181","newspakistan"
"182","news"
"183","pattersonannew"
"184","drlusersdl"
"185","russorv"
"186","monicahanley"
"187","emonicahanley"
"188","valmorolonahumaabedin"
"189","murphyerinl"
"190","mitchellderek"
"191","opsalert"
"192","ses_dutydeputies"
"193","bstrider"
"194","newsnea"
"195","newssudan"
"196","gordonph"
"197","colemancl"
"198","sbwhoep"
"199","newsegypt"
"200","schwerindb"
"201","aclbsullivanjacob"
"202","achy"
"203","r_m_gates"
"204","betsyebeling"
"205","reinesp"
"206","nidestr"
"207","kennedypf"
"208","adamsds"
"209","vaimorolj"
"210","mikeberman"
"211","verveerms"
"212","russont"
"213","blaker"
"214","danieljj"
"215","muntercameronp"
"216","sullivanjj"
"217","millscd©stategov"
"218","balderstonkm"
"219","abbaszadehn"
"220","toivnf"
"221","slaughtr"
"222","millscd"
"223","russory"
"224","hanleymr©stategov"
"225","ivalmorohumaabedin"
"226","abedinh"
"227","newslibya"
"228","mikulskibam"
"229","pathfinder"
"230","ivalmorohanleymr"
"231","danielll"
"232","ntander"
"233","monicahanlqrussorv"
"234","tommalinowski"
"235","newsiraq"
"236","cherylmillssubjectre"
"237","coiemancl"
"238","ivalmoro"
"239","jimkennedy"
"240","eizenstatstuart"
"241","ivalmorchumaabedin"
"242","donnazaccaro"
"243","rodriguezmiguele"
"244","kimsungy"
"245","betsyebelind"
"246","jilotylc©stategov"
"247","hanleymri"
"248","rodriguezme"
"249","ricciardonefrancisj"
"250","sullivanjacobsubjectanynews?"
"251","humaabedinsubjectrei"
"252","preine"
"253","preinessullivanjacobverveet"
"254","schwartzep"
"255","jilotylc"
"256","mmoore"
"257","ilolc©stategov"
"258","feltmanjd"
"259","abedinh©stategovsubjectrei"
"260","burnswj@stateov"
"261","sbwhoeor"
"262","■tyson"
"263","cherylmillssubjectwikileaks"
"264","jilotylc@siategov"
"265","meehanb"
"266","brookegarberneidich"
"267","pathfinde"
"268","luzzatto"
"269","grazedeborahe"
"270","davidmilibandpersona"
"271","pennrhodeen"
"272","abedinh@stategolt"
"273","harrellpetere"
"274","wailesjacob"
"275","noratoiv"
"276","jamierubin"
"277","campbelikm©stategov"
"278","noratoi"
"279","campbellkm"
"280","mooreannaw"
"281","sspecialassistants"
"282","islaugh"
"283","nhbowen"
"284","suilyanjj"
"285","sullivanjacobsubjectspeech"
"286","lannyjdavis"
"287","ivalmorot"
"288","hsullivanjacob"
"289","ivalmoro_"
"290","ivalmorc"
"291","ivalmorhumaabedin"
"292","bstriderhumaabedin"
"293","capriciamarshal"
"294","mchalejuditha"
"295","seso_os"
"296","sulliyanjj"
"297","thomasfmclarty"
"298","mtorrey"
"299","sbwhoeo"
"300","rudmanmara"
"301","pverveer"
"302","mchaleja@stategcw"
"303","millscd@stategoli"
"304","dianereynolds"
"305","jakesulliva"
"306","russorv@stateclov"
"307","verveerms©stategov"
"308","sullivanjacobr"
"309","sullivanjacobaskingwhynow?"
"310","marshallcp"
"311","pafogroup"
"312","valenzuelaarturoa"
"313","yzaguirreraulh"
"314","wburn"
"315","sullivanij©stategov"
"316","cherylmillshumaabedin"
"317","fuchsmh©stategov"
"318","ivalmor"
"319","katimarton"
"320","ricese"
"321","mchaleja"
"322","cherylmillscherylmills"
"323","isaacsonwalter"
"324","millscd©stateov"
"325","lucaslaurad"
"326","haledm"
"327","pvervee"
"328","acib"
"329","kazemishamim"
"330","lindwalldavide"
"331","burnsstriderburnsstrider"
"332","burnswj"
"333","sullivanij"
"334","preineshumaabedin"
"335","dgunners"
"336","sullivanjacobreleaseinpart"
"337","haroldkoplewicz"
"338","dibblephilol"
"339","posnermh"
"340","smithdanas"
"341","jilotylc©stategovr"
"342","kennedypfr"
"343","tillemannts"
"344","barn"
"345","wendysherman"
"346","schwerindb©stategov"
"347","rooneym"
"348","huangcindyy"
"349","danielbaer"
"350","wayneeanthony"
"351","engelkenstephenc"
"352","nepalrohits"
"353","davidsonmark"
"354","whartondavidb"
"355","thomas_e_donilor"
"356","oterom"
"357","jilotylcostategov"
"358","hdr@clintonemail"
"359","crowleypj"
"360","crowleyphilipj"
"361","slaughtera"
"362","abedinh©stategov"
"363","hydedana"
"364","valmorou©stategov"
"365","monicahani"
"366","slaughtera©stategov"
"367","capriciamarshall"
"368","seso_shift"
"369","benjamindaniels"
"370","ehanleymr"
"371","newsbalkans"
"372","cherylmillsmillscd"
"373","vermarr"
"374","valmoroll"
"375","newsiran"
"376","frieddaniel"
"377","haslachpatriciam"
"378","hreleaseinpart"
"379","sullivanjacob]"
"380","newsca"
"381","jeffreyfeltman"
"382","valmorolj©stategovi"
"383","newsrussia"
"384","baerdanielb"
"385","davidignatius"
"386","riesertim"
"387","lindadelgado"
"388","jamesalice"
"389","blakerobert"
"390","danieljoshua"
"391","//—class"
"392","monahankatherinee"
"393","samuelsonheatherf"
"394","bumswilliam"
"395","marcielscota"
"396","fid@clintonemailcomi"
"397","tauscherellen"
"398","newsyemen"
"399","ivalmorohanleymonicar"
"400","newseb"
"401","quanrudpamelag"
"402","shapirojeremy"
"403","newsdrl"
"404","isullivanjacob"
"405","hunterrobert"
"406","afaucgoosbyeric"
"407","monicahanleh"
"408","newswikileaks"
"409","monicahanleyi"
"410","newshoa"
"411","miyahiratoddk"
"412","subjectfwrussians"
"413","mcfaulmichaela"
"414","mcdonoughdenisr"
"415","tdonilor"
"416","subjectfwsummaryof/meeting"
"417","hsubjectfwimportancehigh"
"418","ntande"
"419","hsubjectfwflotusvisit"
"420","recos"
"421","donilonthomase"
"422","crowleyphilip"
"423","david_l_pressman"
"424","hsubjectgilaniadvice"
"425","shahrajiv"
"426","subjectfyi"
"427","schwartzlarry"
"428","tdonilon"
"429","davidj_pressmar"
"430","carrollsean"
"431","sullinrarm"
"432","subjectfw"
"433","millscd@stateovcherylmills"
"434","crowleypi"
"435","subjectfwiraqfyi"
"436","subjectfwhaaretzeditorialfyi"
"437","subjectreoriginalmessage"
"438","subjectreindonesia"
"439","dlutespower"
"440","tillemanntomicahs"
"441","ijacobjlelewjacob"
"442","tillemanntomicah"
"443","cooperdonna"
"444","mastromonacoalyssam"
"445","schwartzericp"
"446","gipsdonaldh"
"447","pagesusand"
"448","carrawaycassandrab"
"449","pflaumerwaltern"
"450","dougbandjustincooper"
"451","denis_r_mcdonough"
"452","shalaladonnae"
"453","oneillmaura"
"454","dlutespowerwolffalexd"
"455","mckeanmargaretb"
"456","ghorisaban"
"457","barksrugglesericaj"
"458","tonyburman"
"459","jonespaulw"
"460","cherylmillsshahrajiv"
"461","chrisjennings"
"462","duguidgordonk"
"463","somersetannd"
"464","rhodesbenjaminj"
"465","govashiriferial"
"466","drmarkhyman"
"467","macmanusjosephe"
"468","valmoroui"
"469","stalbotticherylmills"
"470","hrc"
"471","ricciardonefrancis]"
"472","imchalejai"
"473","subjectfwsorry!fyi"
"474","urnchalejai"
"475","brennanjohn"
"476","hsubjectmichael_b_froman"
"477","sullivanjacobi"
"478","isullivanjacobi"
"479","thchalejai"
"480","hsubjectfwwhmeetingfyi"
"481","buhlcindy"
"482","isullivanjacobt"
"483","hsubjectlizsherwoodrandall"
"484","hsubjectforpc"
"485","hmadamesecretarythankstom"
"486","subjectfw/seniorstaffmeeting"
"487","subjectfwhondurasupdate"
"488","subjectattachments"
"489","hsubjectjonesaskingtotalk"
"490","subjectfwsomaliafyi"
"491","thomas_e_donilon"
"492","subjectjonesaskingtotalk"
"493","ijacobjlew"
"494","cherylmillsvermarichardr"
"495","hsubject"
"496","subjectfwfromambholbrookefyi"
"497","slotkinelissab"
"498","subjectfwthanksfyi"
"499","andersonbrooked"
"500","villarrealjose"
"501","rangelrobertcivsdcherylmills"
"502","ihdr@clintonemailaomi"
"503","adlercarolinee"
"504","hsubjectricharditalkedtorch"
"505","valmoroue"
"506","subjectfwarmssaletoturkey"
"507","changbenjamin"
"508","wburns_"
"509","thessinjamesh"
"510","tongkurtw"
"511","luchristopherp"
"512","vaimorou"
"513","powersamantha"
"514","lewij"
"515","lewjj"
"516","he"
"517","lewil"
"518","sullivanstategov"
"519","flournoymicheleahonosdpolicy"
"520","dennis_b_ross"
"521","rossdennisb"
"522","usullivanjacobi"
"523","jacobjlew"
"524","lewjji"
"525","hormatsrd"
"526","marantisdemetriosj"
"527","dennis__ross"
"528","ijacobjle%sullivanjacob"
"529","tdr@clintonemailcomi"
"530","cherylmillssullivanjacob"
"531","kohhh"
"532","ihi"
"533","wburnse"
"534","sullivanjacobp"
"535","cherylmillsvermarr"
"536","muscatinelissa"
"537","reco"
"538","jacobjlewsullivanjacob"
"539","verveermelanne"
"540","lhanleymr"
"541","i"
"542","atisch"
"543","verveermelannesi"
"544","ilvalmoro"
"545","ilotylcl"
"546","ivalmoro—"
"547","ricciardonefrancis"
"548","mlvalmoro"
"549","kristofnicholas"
"550","helgamariaschmid"
"551","mcauliffemarisas"
"552","newsubya"
"553","jeffreyjamesf"
"554","schmiererrichardj"
"555","evercreenreply"
"556","releaseinpart"
"557","russofirtbertv"
"558","iht"
"559","gordonphilipft"
"560","barnettrobert"
"561","_"
"562","bartepeterr"
"563","newsllbya"
"564","taskforce"
"565","ihdr@clintonemallcom"
"566","cabegloria"
"567","simonsteven"
"568","sellerscharlesr"
"569","ses"
"570","subjectfwfyi"
"571","islaughtr{"
"572","ilotylaurenc"
"573","hdr@clintomallcomi"
"574","newsenergy"
"575","johnpodesta"
"576","boswelleric"
"577","wallesjacob"
"578","jacobsjanicel"
"579","warlickmaryb"
"580","countrymanthomas"
"581","imillscd@cd"
"582","nhbowenl"
"583","ivalmord"
"584","eslaughtr"
"585","brownjustinp"
"586","jacob_lew"
"587","jacobhumaabedin"
"588","jacob_l_lewh"
"589","icherylmills"
"590","humaabedinhydedana"
"591","llacobj_lew"
"592","kaidanowtina"
"593","jacob_j_lew"
"594","ivalmorol"
"595","elvalmoro"
"596","adamsdavid"
"597","lvalmorc"
"598","ivalrnoro"
"599","llvalmorod"
"600","ivaimoro"
"601","ihanleymrl"
"602","cousinertharin"
"603","attachmentsscahighlightsdocx"
"604","stephensonbarbara"
"605","finneyclarencen"
"606","mikemarybennettoral"
"607","islaughtr"
"608","vogelsteinrachel"
"609","damianmerlo"
"610","lyonsjamesm"
"611","ses_s"
"612","fuchsmichaelh"
"613","verveermeiannes—"
"614","feltmanjeffrey"
"615","ihdr@clintonemailcorre"
"616","pafgroup"
"617","newsmahoganycoses_"
"618","abedinkum"
"619","mcdonaldkarac"
"620","ruggierofrankj"
"621","joneskalic"
"622","kujawinskipeteri"
"623","mulet"
"624","edmondmulet"
"625","wallerrobertp"
"626","h_seniorstaff"
"627","graygordon"
"628","}"
"629","sullivanjacobhumaabedin"
"630","sullivanjacobcarsonjohnnie"
"631","jilotylaurenct"
"632","abedinhuma"
"633","icherylmillse"
"634","kazemishamimcherylmills"
"635","sujayc"
"636","esullivanjacobe"
"637","smithjamesb"
"638","teltmanjd"
"639","eurambassadorsdl"
"640","barksruggleserica"
"641","!"
"642","eurpress"
"643","sullivanjacobmacmanusjosephe"
"644","sullivanlamb"
"645","seso_shiftiii"
"646","cherieblair"
"647","clintonhillary"
"648","ruggierofrank"
"649","kaidanowtinas"
"650","michaelzubrow"
"651","whitepamelaa"
"652","seso_shiftii"
"653","samuelberger"
"654","scobeymargaret"
"655","lohmanlee"
"656","hdr@clintonemaill"
"657","holmesstephaniee"
"658","fi"
"659","feltrnanjeffreyd"
"660","ihdr@clintonemair"
"661","thi"
"662","nasrsvalir"
"663","adamsthomasc"
"664","mccaryjohna"
"665","piechowskijone"
"666","sesshiftiii"
"667","cb"
"668","mcmanusmatthewt"
"669","connellymaura"
"670","bommerashleyf"
"671","ileana"
"672","iverveermelannesi"
"673","icherylmillcherylmillsi"
"674","simmonskristam"
"675","sslaughtera"
"676","kendalldavid"
"677","sandersonjaneta"
"678","sullivanjacobsullivanjacob"
"679","lilotylc"
"680","millscd@stategolt"
"681","&apos"
"682","fuchsmh"
"683","sbergerfshb"
"684","verveerms@stateov"
"685","sterntd"
"686","monicahanle"
"687","ihanleymri"
"688","mchaleja©stategov"
"689","danielii"
"690","moriartyjamesf"
"691","lakesullivansullivanjacob]"
"692","withersannem"
"693","laurenjiloty"
"694","thotylci"
"695","sullivarkij"
"696","jilotylaurenci"
"697","loisquarn"
"698","laurenjilotyjilotylaurenc"
"699","tauschereo"
"700","imuscatine"
"701","miilscd"
"702","liz@schraye"
"703","preinereinesp"
"704","idavis"
"705","filotylc"
"706","preines@"
"707","jakesullivarsullivanjacob"
"708","laurenjiloti"
"709","woodardew"
"710","woodardevvastategov"
"711","megrooneyl_"
"712","jakesullivarhumaabedin"
"713","lakesullivan"
"714","loisquam"
"715","monicahanleyl"
"716","lsullivanjacob"
"717","laurenjilotjilotylaurenc"
"718","fidr@clintonemailcom"
"719","hl"
"720","holbrookerichard"
"721","preinessullivanjacob"
"722","schwerind"
"723","iilotylc"
"724","preines_sullivanjacob"
"725","preinesreinesp"
"726","imuscatine@gmailcom"
"727","muscatinel"
"728","tjilotylaurenci"
"729","sbwhoect"
"730","sberger"
"731","ihl"
"732","laszczychj"
"733","ihdr@clintonemailcorni"
"734","litiuscatine"
"735","iaurenjiloty"
"736","teitelbaumdonald"
"737","williamsbarrett"
"738","mellottjoseph"
"739","singhvikramj"
"740","tiotylci"
"741","pcharron"
"742","singhvikram"
"743","jilotyl_ci"
"744","ilotylci"
"745","filotylci"
"746","esullivanjacob"
"747","george"
"748","mitchellgeorge"
"749","ruckmankathleens"
"750","th"
"751","fcherieblair"
"752","lakesullivanlewjacob"
"753","turkdavidm"
"754","stevensonandrewd"
"755","suilivanjj"
"756","sullivanii@stateaov"
"757","dar"
"758","dan"
"759","sullivanii"
"760","sullivanjj©stategov"
"761","sullivanu"
"762","sullivanj"
"763","david__pressmancherylmills"
"764","davic_pressmancherylmills"
"765","michael_b_froman"
"766","sullivan"
"767","campbellkurtm—"
"768","farnsworthsarahs"
"769","timbiejamesp"
"770","denis_r_mcdonoug"
"771","syedzia"
"772","valmorou@stateov"
"773","bam@mikulskisenategov"
"774","wolffalexd"
"775","mhcaleja"
"776","millscd@stateov"
"777","sujaycfallonrobertm"
"778","sujay"
"779","daniel__shapirowailesjacob"
"780","daniel_b_shapirowailesjacob"
"781","daniel_b_shapircbwailesjacob"
"782","powersamantha%paulirosemarie"
"783","paulirosemarie"
"784","samantha_j_powe"
"785","—declassifyon//"
"786","sullivanrob"
"787","crosbycolint"
"788","bitterrena"
"789","imfroman]"
"790","mfroman"
"791","shapirodanielb"
"792","mfromanijaldycconnors"
"793","icherylmills_i"
"794","smithgaylee"
"795","imichael_a_mcfaul"
"796","itilichael_a_mcfaull"
"797","hanlemr"
"798","hanieymr"
"799","ilotylc"
"800","capriciamarshallhumaabedin"
"801","bealecourtneyakramer"
"802","seso_scalls"
"803","bstridermmoore"
"804","minyonmoore"
"805","shapiroa"
"806","dphelf"
"807","diminucostevenl"
"808","iynn"
"809","sullivanjj@siategov"
"810","jakesullivarpreines"
"811","prein"
"812","bealeca"
"813","islaughterai"
"814","markjpenr"
"815","clintonbill"
"816","sullivanjacobe"
"817","jiiotylc"
"818","imuscatinehumaabedin"
"819","crowley@stateov"
"820","cherylmill"
"821","cherylmills_r"
"822","ogordonph"
"823","cherylmillscorn"
"824","kellyc"
"825","eh"
"826","jacobsonroberta"
"827","steinbergb"
"828","haitidlcdistro"
"829","jacobjleiewjj"
"830","rshal"
"831","brimmere"
"832","markh"
"833","icherylmillrshah"
"834","marl"
"835","doughattaway"
"836","russorobertmonicar"
"837","sacharalon"
"838","smithjeannemariee"
"839","lhumaabedine"
"840","humaabedini"
"841","shwhoeci"
"842","subjectoriginalmessage"
"843","burnswilliamfeltmanjeffrey"
"844","woodardericw"
"845","hii"
"846","esullivanjacobi"
"847","sullivanjacobh"
"848","ijakesullivarsullivanjacob"
"849","sullivanjj@stateov"
"850","jilotylc©stategovl"
"851","liz"
"852","lakesullivansullivanjacob"
"853","lbatwood"
"854","ashnazanin"
"855","campbelikmi"
"856","andrewsamet"
"857","jeongdawoon"
"858","dunndavid"
"859","albond"
"860","davis"
"861","hhappytocomeoverifyoudlike"
"862","vodaebeling"
"863","vjosadobruna"
"864","perrymarkd"
"865","mcglothlinkevin"
"866","isullivanjacobl"
"867","preinesschwerindanielb"
"868","holbrooker"
"869","woodardewhumaabedin"
"870","lakesullivar"
"871","thdr@clintonemallcom"
"872","bulgrinjuliek"
"873","chartrandjennifer"
"874","hpointsforcallto"
"875","lakesullivanl"
"876","isullivanjj@stateovt"
"877","ildavi"
"878","igeorge"
"879","laurenjilot"
"880","mayordaley"
"881","hwillseeuatoffice"
"882","preineh"
"883","dowdkatiew"
"884","jilotylaurence"
"885","lilotylci"
"886","ihe"
"887","jilotylaurencl"
"888","lhanleymri"
"889","betsyebelin"
"890","subjectreokoriginalmessage"
"891","valmoroul"
"892","lilotylce"
"893","hsubjectsheetpurpose"
"894","subjectfw/staffmeetingnotes"
"895","hsubjectareyoufree?"
"896","hsubjectfwnewbatch?"
"897","hsubjectfromfeltmanoniraq"
"898","ssullivanlii"
"899","subjectfwiroquoisupdate"
"900","higginscraig"
"901","lonavalmoro"
"902","fl"
"903","philippereines"
"904","hsubjectfyi"
"905","bonnieklehrjohnryan"
"906","deedelaney"
"907","hsubjectismondaybetter?"
"908","subjectfwupdateonfrbeirne"
"909","hsubjectreoriginalmessage"
"910","subjectthiseveningi"
"911","subjectfwthegatesclintonaxis"
"912","cherylmillslitk"
"913","rubensgamalantoniosimoes"
"914","subjectfwgreeceetc"
"915","subjectfwmorningmeetingnotes"
"916","crowleyphilipjsullivanjacob"
"917","sh"
"918","dougband"
"919","harrisjenniferm"
"920","valmoroljl"
"921","hsubjectamupifyouare"
"922","shi"
"923","preinesh"
"924","subjectfwconfidential"
"925","laelwasconfirmedto"
"926","einhornrobertj"
"927","subjectfwbrainardnom"
"928","hsubjecttomorrow"
"929","singhvikrann"
"930","subjectpapendreaou"
"931","keenkenltgusaussouthcom/sccc"
"932","subjectwillcallyouatpm"
"933","subjectassumeyourememberher"
"934","lgrahamdougband"
"935","hsubjectonthegroundinmiami"
"936","subjectfwidb/haitidebt"
"937","siemermargueritee"
"938","subjectfwmtgw/reyesfyi"
"939","subjectrnnitaloweyandajcfyi"
"940","sbwhoeco"
"941","hsubjectrchconfirmedforpm"
"942","elaineweiss"
"943","subjectfwmissionaccomplished"
"944","ijilotylaurence"
"945","subjectfwuuptovoteagainst"
"946","lebaronjosephe"
"947","subjectfyiwjcoriginalmessage"
"948","subjectfwhbj"
"949","irwinmatthewt"
"950","subjectfwforhrcfyi"
"951","hsubjectfwthisisgood"
"952","bulgrinjulieic"
"953","amselemwlewis"
"954","subjectrefollowup"
"955","bondmichelet"
"956","subjectfwrequestfyi"
"957","kaisersandral"
"958","justincooper"
"959","mooredonaldl"
"960","sbwhoeopi"
"961","sbwhoeozsbwhoeop"
"962","cherylmillsmillscheryl"
"963","subjectreiranoriginalmessage"
"964","tonessusan"
"965","subjectfwamcitsinhaitifyi"
"966","subjectstatusofyemeni"
"967","torressusan"
"968","hiyourexamplei"
"969","haboulgheit"
"970","carpentermargaretvw"
"971","subjectfwiraqtimingfyi"
"972","subjectfwd"
"973","hsubjectcdmtryingtoreachyou"
"974","subjectfwsygtripfyi"
"975","subjectfwsygtoannouncetrip"
"976","ghorisabaiv"
"977","hsubjectrunningafewminlate"
"978","andersongeraldc"
"979","edwardschristopher"
"980","granthamsuzannel"
"981","matthewchaloux"
"982","isbwhoeold_l"
"983","subjectfwunhaitioperationfyi"
"984","mschneide"
"985","mschneider"
"986","drewelizabethi"
"987","jeanlouiswarnholz"
"988","humaabedinvalmorolona_i"
"989","brigetyreuben"
"990","sbwhoeoc"
"991","isbwhaeop"
"992","subjectfwgreatjobnice"
"993","ivalmoroui"
"994","jaiesullivan"
"995","valmorou?"
"996","yunthomasw"
"997","buttoncase"
"998","hsubjectminustahdocument"
"999","jacobjlewlewjacob"
"1000","cherylmillrshahhumaabedin"
"1001","cherylmillsrshah"
"1002","mark"
"1003","subjectpmcallmanifest"
"1004","subjectfwresponsetoscall"
"1005","johnbeckmar"
"1006","shervinpishevar"
"1007","subjectfwcalloriginalmessage"
"1008","hsubjectfwresponsetoscall"
"1009","rmhcaleja"
"1010","subjectfwdanielyohannesfyi"
"1011","hsubjectsorry"
"1012","subjectfwannfyi"
"1013","cherylmilis"
"1014","eikenberrykarlw"
"1015","scherylmills"
"1016","ifeltmanjdi"
"1017","isbwhoeop"
"1018","hsubjectfwambeikenberryfyi"
"1019","duffyterry"
"1020","cherylmillsposnermichaelh"
"1021","icherylmillsi"
"1022","subjectfwconfirmationstoday"
"1023","subjectfwigreport"
"1024","damourmariec"
"1025","pachecomarthaa"
"1026","subjectfwantigaylawsfyi"
"1027","subjectfwcongratulations"
"1028","hsubjecttonyblair"
"1029","hsubjectmarklandleri"
"1030","hsubjectali"
"1031","hsubjectbing"
"1032","muscatineli"
"1033","nancybekavac"
"1034","sullivann"
"1035","patelshraddha"
"1036","riesmarcieb"
"1037","penalaura"
"1038","kenneykristiea"
"1039","icherylmill_"
"1040","s"
"1041","cmarshal"
"1042","holbrookerichardc"
"1043","ellentauscher"
"1044","oteromildred"
"1045","millscheid"
"1046","dyoha"
"1047","millscck@stateaov"
"1048","millscd@stateaov"
"1049","cheryimillscherylmills"
"1050","sbwhoeoa!"
"1051","tsbwhoecb"
"1052","hsubjectmalaysianscannotdo"
"1053","williamsbarret"
"1054","obriendaniel"
"1055","subjectfwforsastunningfact"
"1056","hsubjectareyouhearnow?"
"1057","millscheryismeghanna"
"1058","humaabedinjilotylaurenc"
"1059","hsubjectholbrooke"
"1060","burnswilliam—"
"1061","hsubjectmitchell"
"1062","hsubjectholbrookecalledagain"
"1063","ostermeieramya"
"1064","subjectfw—declassifyon//"
"1065","subjectholbrookeaskingtotalk"
"1066","hsubjectgatesoffice"
"1067","hsubjectfwfyi"
"1068","hillchristopherr"
"1069","bagleelizabethf"
"1070","mkalbright"
"1071","subjectfwlebanonhasacabinet"
"1072","subjectareyouawake"
"1073","seso_swoonly"
"1074","caputolisa"
"1075","davislula"
"1076","hsubjectfwfyioriginalmessage"
"1077","we"
"1078","subjecticymifyi"
"1079","lewjacob_i"
"1080","subjectfwguaymurasupdate"
"1081","douaband"
"1082","dougbandsbwhoeop"
"1083","pallymauram"
"1084","jacobsondavid"
"1085","subjectrehonduras"
"1086","subjectmorewhenwespeak"
"1087","subjectbrensimon"
"1088","pi"
"1089","subjectfwcallnotes"
"1090","subjectfwgrameeninhaitifyi"
"1091","crowleyphilipjreines"
"1092","hsubjectholbrookecalledforu"
"1093","crowleyphilipnreinpl"
"1094","pj"
"1095","crowleypj@stateov"
"1096","crowleyp"
"1097","llorenshugo"
"1098","craftwilliame"
"1099","subjectnovotes"
"1100","subjectfwfyioriginalmessage"
"1101","hsubjectmitchellaskingtotalk"
"1102","rudmanm"
"1103","hsubjectacesmith"
"1104","h—declassifyon//"
"1105","iiilotylci"
"1106","subjectfwcubaoriginalmessage"
"1107","hsubjectroyandcoffeearehere"
"1108","lookslikeisntbackinnyyet"
"1109","jpiercy"
"1110","janpiercy"
"1111","shb"
"1112","himback"
"1113","cuelourdesc"
"1114","dvohasteveradelet"
"1115","dyohasteveradelet"
"1116","hsubjectfwsuccessfyi"
"1117","boucherricharda"
"1118","humaabedinvalmorolona"
"1119","thedinhuma"
"1120","subjectreapplesiwas"
"1121","rosemariehowe"
"1122","availableh"
"1123","biakerobertu"
"1124","il"
"1125","available"
"1126","havailable"
"1127","hthey"
"1128","millschery"
"1129","preinesiverveermelannes"
"1130","seidenmayad"
"1131","haroldhongjukohthessinjamesh"
"1132","confirmedthatoscarisathouse"
"1133","josephjofi"
"1134","preineverveermelannes"
"1135","roemertimj"
"1136","preine!"
"1137","hjudithsbestnumberzol"
"1138","dou"
"1139","hkathleen"
"1140","hkerry"
"1141","bancantalkatuwanttodothat?"
"1142","jcarson"
"1143","sbwhoeof"
"1144","espinosaconfirmedforam"
"1145","pverveerverveermelannes"
"1146","cherylmillse"
"1147","shapiroandrewj"
"1148","shampainenicoled"
"1149","rrhinteriorsh"
"1150","williamsbarreminyonmoore"
"1151","williamsbarremmookikimclean"
"1152","warrom"
"1153","h—declassifyon//n"
"1154","icherylmill"
"1155","rubinerlaurie"
"1156","landler"
"1157","ashrafmadeehas"
"1158","axelroddavidm"
"1159","kellyianc"
"1160","sullivanjj©stateov"
"1161","axelrod_"
"1162","sullivanjacobreply"
"1163","cherylmillsullivanjacob"
"1164","preinesverveermelannes"
"1165","filotylce"
"1166","echerylmills"
"1167","reinespi"
"1168","humaabedine"
"1169","ireinespi"
"1170","iewjj"
"1171","jilotlc@stateov"
"1172","motlc"
"1173","roachstephen"
"1174","wsherman"
"1175","shumaabedin"
"1176","chetylmillssullivanjacob"
"1177","jpodesta"
"1178","steinbergib"
"1179","millscd@statev"
"1180","staibott"
"1181","rsloan"
"1182","osullivannigel"
"1183","mhcalejae"
"1184","abedinhstateov"
"1185","briar"
"1186","cicettipamelas"
"1187","valmorol"
"1188","cholletderekh"
"1189","bergersamuelr"
"1190","undisclosedrecipients"
"1191","williamsbarre"
"1192","nobleronald"
"1193","rosemariehoweh"
"1194","subjectfwwjcoriginalmessage"
"1195","newmye"
"1196","donaldrosemariehowe"
"1197","mhcalejaicc"
"1198","jonesstuart"
"1199","icherylmillsl"
"1200","ses_depsecysmeeting"
"1201","daviesglynt"
"1202","subjectfwdprkreportedly"
"1203","preinestsullivanjacob"
"1204","valmorolraj"
"1205","rossalec]"
"1206","isbwhoes"
"1207","hhdousband"
"1208","cherylmillfirr—"
"1209","valmorolanaj"
"1210","ihabedin"
"1211","hr@attblackberrynet"
"1212","ambefbagleybalderstonkrism"
"1213","dennisross"
"1214","ihr@attblackberryneti"
"1215","begalapaul"
"1216","capriciapenavicmarshall"
"1217","hcarolynmaloneycalledforyou"
"1218","habedin"
"1219","cherylmills_"
"1220","tflourno"
"1221","pverveel"
"1222","steinbergjb"
"1223","cholletdh"
"1224","jfarrow"
"1225","jacobsulliva"
"1226","ccnewmyer@"
"1227","jacobsulliyan"
"1228","illotylc"
"1229","jacobsullivar"
"1230","michelefl"
"1231","liakesullivan"
"1232","ccnewmyer"
"1233","jackienewmyer"
"1234","cmills"
"1235","pellalaura"
"1236","hdr"
"1237","annmoleary"
"1238","eotauscher"
"1239","jrkardoncherylmills"
"1240","glantzgina"
"1241","ssullivanjacob"
"1242","millscd@tategov"
"1243","williamsbarrettcherylmills"
"1244","hillcr"
"1245","rnillscd"
"1246","caputo"
"1247","holbrookerc"
"1248","nancycherylmills"
"1249","sgration"
"1250","shannonta"
"1251","jonespw"
"1252","ehumaabedin"
"1253","cherylmills@"
"1254","icherylmills@"
"1255","lcherylmills@posnermichaelh"
"1256","sbwhoeop@"
"1257","cherylmiils@cherylmills"
"1258","humaabedinr"
"1259","canciamarshall@"
"1260","cherylmills@cherylmills"
"1261","ht"
"1262","leltmanjdi"
"1263","ieltmanjd"
"1264","general"
"1265","terryduffy"
"1266","inancy@parrishl"
"1267","bowens"
"1268","herieblair"
"1269","matthewgolsen"
"1270","sidneyblumenthal"
"1271","russorvsubjectfw"
"1272","russoiv"
"1273","suilivanii‘"
"1274","benjamindaniel"
"1275","millscd@statedov"
"1276","sullivahu"
"1277","rlissorv"
"1278","tonermarkc"
"1279","suiiivagll"
"1280","miliscd"
"1281","cherylmills`"
"1282","millscheryid"
"1283","johnsonbrocka"
"1284","subjectfwtripolipersonnel"
"1285","ihdr@clintonernailcom"
"1286","hanleymrgastategov"
"1287","subjectfwheyfyi"
"1288","hdr@chntonemailcom"
"1289","randolphlawrencem"
"1290","tanleyrnr"
"1291","dr@clintonemallcom"
"1292","hdr@clintonernailcom"
"1293","hanleyrnr"
"1294","hanieymr`"
"1295","hankymonicar"
"1296","hanleymr°"
"1297","`russorv"
"1298","subjectfwgoogleandyoutube"
"1299","idr@dintonemailcom"
"1300","feitmanjeffreyd"
"1301","jonesbethe"
"1302","cretegenea"
"1303","sullivanjj@stategolt"
"1304","suliivanjacob"
"1305","hcchumaabedin"
"1306","humaaleedin"
"1307","sullivanjacob`"
"1308","fettmanjeffrey"
"1309","subjectfwbenghazistaffing"
"1310","hdr@clintorierriailcorn‘"
"1311","sulliyanij"
